noteId,coreNoteIntercept,currentStatus,numRatings,helpfulRatio
1360728759100469253,0.1,CURRENTLY_RATED_NOT_HELPFUL,4,0.25
1370524030915198979,0.0,CURRENTLY_RATED_NOT_HELPFUL,3,0.0
1384533125146025987,0.2,NEEDS_MORE_RATINGS,2,1.0
1465395305029931008,0.0,NEEDS_MORE_RATINGS,1,0.0
1513920997807861761,0.0,CURRENTLY_RATED_NOT_HELPFUL,18,0.0
1535829180516118529,0.0,CURRENTLY_RATED_NOT_HELPFUL,5,0.0
1597320286441017346,0.0,CURRENTLY_RATED_NOT_HELPFUL,13,0.0
1610153625740877825,0.0,CURRENTLY_RATED_NOT_HELPFUL,12,0.0
1617419787642245120,0.0,CURRENTLY_RATED_NOT_HELPFUL,24,0.0
1617583254906994691,0.0,CURRENTLY_RATED_NOT_HELPFUL,40,0.0
1618648341218213896,0.0,CURRENTLY_RATED_NOT_HELPFUL,5,0.0
1624174227057217536,0.0,CURRENTLY_RATED_NOT_HELPFUL,8,0.0
1624861223522033666,0.0,CURRENTLY_RATED_NOT_HELPFUL,34,0.0
1630933111604142081,0.0,CURRENTLY_RATED_NOT_HELPFUL,93,0.0
1632854312694190080,0.0,CURRENTLY_RATED_NOT_HELPFUL,34,0.0
1635129010358218752,0.0,CURRENTLY_RATED_NOT_HELPFUL,5,0.0
1636134141602459649,0.0,CURRENTLY_RATED_NOT_HELPFUL,68,0.0
1637720607243763717,0.0,CURRENTLY_RATED_NOT_HELPFUL,5,0.0
1640458524118462465,0.0,CURRENTLY_RATED_NOT_HELPFUL,65,0.0
1644278151894429699,0.0,CURRENTLY_RATED_NOT_HELPFUL,14,0.0
1644826701086457856,0.0,CURRENTLY_RATED_NOT_HELPFUL,3,0.0
1649451419999633430,0.0,CURRENTLY_RATED_NOT_HELPFUL,311,0.0
1649466060007940098,0.0,CURRENTLY_RATED_NOT_HELPFUL,25,0.0
1652228339434921990,0.0,NEEDS_MORE_RATINGS,2,0.0
1652703365422260225,0.0,CURRENTLY_RATED_NOT_HELPFUL,22,0.0
1655673650459328512,0.0,CURRENTLY_RATED_NOT_HELPFUL,69,0.0
1656321000144003073,0.0,CURRENTLY_RATED_NOT_HELPFUL,4,0.0
1656759871562448896,0.0,CURRENTLY_RATED_NOT_HELPFUL,30,0.0
1657501174256287749,0.0,CURRENTLY_RATED_NOT_HELPFUL,12,0.0
1659523002101383170,0.0,NEEDS_MORE_RATINGS,1,0.0
1659541978105761798,0.0,CURRENTLY_RATED_NOT_HELPFUL,23,0.0
1661418047414861847,0.0,CURRENTLY_RATED_NOT_HELPFUL,35,0.0
1661533361960017922,0.0,CURRENTLY_RATED_NOT_HELPFUL,4,0.0
1662180604384018432,0.0,NEEDS_MORE_RATINGS,2,0.0
1662988393675132929,0.0,NEEDS_MORE_RATINGS,2,0.0
1663161466697003008,0.0,CURRENTLY_RATED_NOT_HELPFUL,10,0.0
1664436033470201858,0.0,CURRENTLY_RATED_NOT_HELPFUL,3,0.0
1664818862007676934,0.0,CURRENTLY_RATED_NOT_HELPFUL,3,0.0
1666960977047310336,0.0,NEEDS_MORE_RATINGS,1,0.0
1668739705905586177,0.0,CURRENTLY_RATED_NOT_HELPFUL,86,0.0
1668852837105942531,0.0,CURRENTLY_RATED_NOT_HELPFUL,18,0.0
1671021311471271936,0.0,CURRENTLY_RATED_NOT_HELPFUL,11,0.0
1674521239023505408,0.0,CURRENTLY_RATED_NOT_HELPFUL,9,0.0
1674754511812927488,0.0,CURRENTLY_RATED_NOT_HELPFUL,5,0.0
1675814152806211587,0.0,CURRENTLY_RATED_NOT_HELPFUL,4,0.0
1676525611030913025,0.0,CURRENTLY_RATED_NOT_HELPFUL,85,0.0
1681869199084331009,0.0,CURRENTLY_RATED_NOT_HELPFUL,12,0.0
1683081976599703552,0.0,CURRENTLY_RATED_NOT_HELPFUL,33,0.0
1683541368424022024,0.0,CURRENTLY_RATED_NOT_HELPFUL,29,0.0
1684639392076361728,0.0,CURRENTLY_RATED_NOT_HELPFUL,9,0.0
1684704269159579648,0.0,CURRENTLY_RATED_NOT_HELPFUL,8,0.0
1685268528356872192,0.0,CURRENTLY_RATED_NOT_HELPFUL,97,0.0
1686814440983773192,0.0,CURRENTLY_RATED_NOT_HELPFUL,59,0.0
1687538284182831121,0.0,CURRENTLY_RATED_NOT_HELPFUL,9,0.0
1687926495539294312,0.0,CURRENTLY_RATED_NOT_HELPFUL,5,0.0
1689363495794487783,0.0,CURRENTLY_RATED_NOT_HELPFUL,12,0.0
1689391735871357187,0.0,CURRENTLY_RATED_NOT_HELPFUL,20,0.0
1689421661164982531,0.0,CURRENTLY_RATED_NOT_HELPFUL,45,0.0
1690773102677123199,0.0,CURRENTLY_RATED_NOT_HELPFUL,8,0.0
1690946094014849395,0.0,CURRENTLY_RATED_NOT_HELPFUL,10,0.0
1691239310148731085,0.0,NEEDS_MORE_RATINGS,1,0.0
1692854841360437364,0.0,CURRENTLY_RATED_NOT_HELPFUL,3,0.0
1693252574374244585,0.0,CURRENTLY_RATED_NOT_HELPFUL,44,0.0
1693716020182061115,0.0,NEEDS_MORE_RATINGS,2,0.0
1694525012001341727,0.0,CURRENTLY_RATED_NOT_HELPFUL,10,0.0
1694722803793334592,0.0,CURRENTLY_RATED_NOT_HELPFUL,79,0.0
1695128586385002708,0.0,CURRENTLY_RATED_NOT_HELPFUL,268,0.0
1695304845115240954,0.0,NEEDS_MORE_RATINGS,2,0.0
1695542654493151246,0.0,CURRENTLY_RATED_NOT_HELPFUL,13,0.0
1695802168211583109,0.0,NEEDS_MORE_RATINGS,1,0.0
1696093534904897585,0.0,CURRENTLY_RATED_NOT_HELPFUL,18,0.0
1696304713006768463,0.0,CURRENTLY_RATED_NOT_HELPFUL,3,0.0
1696413349452398674,0.0,CURRENTLY_RATED_NOT_HELPFUL,26,0.0
1697142543513800986,0.0,CURRENTLY_RATED_NOT_HELPFUL,12,0.0
1698787572833558871,0.0,CURRENTLY_RATED_NOT_HELPFUL,18,0.0
1699203878430941610,0.0,CURRENTLY_RATED_NOT_HELPFUL,5,0.0
1699500833472131566,0.0,CURRENTLY_RATED_NOT_HELPFUL,85,0.0
1699984920280469718,0.0,CURRENTLY_RATED_NOT_HELPFUL,111,0.0
1700180760869720532,0.0,CURRENTLY_RATED_NOT_HELPFUL,6,0.0
1701822211596656649,0.0,CURRENTLY_RATED_NOT_HELPFUL,5,0.0
1703476715358457952,0.0,CURRENTLY_RATED_NOT_HELPFUL,5,0.0
1705349687044456943,0.0,CURRENTLY_RATED_NOT_HELPFUL,25,0.0
1706689285011669132,0.0,NEEDS_MORE_RATINGS,1,0.0
1707129022453268722,0.0,CURRENTLY_RATED_NOT_HELPFUL,5,0.0
1707141908391207313,0.0,NEEDS_MORE_RATINGS,1,0.0
1707753605472584066,0.0,CURRENTLY_RATED_NOT_HELPFUL,11,0.0
1708680477752611227,0.0,CURRENTLY_RATED_NOT_HELPFUL,11,0.0
1708868925117931942,0.0,CURRENTLY_RATED_NOT_HELPFUL,77,0.0
1709278704285765658,0.0,CURRENTLY_RATED_NOT_HELPFUL,31,0.0
1709583422207730004,0.0,CURRENTLY_RATED_NOT_HELPFUL,6,0.0
1709598309071892539,0.0,CURRENTLY_RATED_NOT_HELPFUL,21,0.0
1710034131361353761,0.0,CURRENTLY_RATED_NOT_HELPFUL,7,0.0
1710333993017622656,0.0,NEEDS_MORE_RATINGS,1,0.0
1710402826004844700,0.0,CURRENTLY_RATED_NOT_HELPFUL,5,0.0
1711685748762587237,0.0,NEEDS_MORE_RATINGS,1,0.0
1711726954863346066,0.0,CURRENTLY_RATED_NOT_HELPFUL,14,0.0
1711885496077463730,0.0,CURRENTLY_RATED_NOT_HELPFUL,16,0.0
1712036910921654603,0.0,CURRENTLY_RATED_NOT_HELPFUL,13,0.0
1712095010886160849,0.0,CURRENTLY_RATED_NOT_HELPFUL,9,0.0
1713464539327476020,0.0,CURRENTLY_RATED_NOT_HELPFUL,3,0.0
1713638486983516206,0.0,CURRENTLY_RATED_NOT_HELPFUL,21,0.0
1714322412316020974,0.0,CURRENTLY_RATED_NOT_HELPFUL,30,0.0
1716128684753518986,0.0,CURRENTLY_RATED_NOT_HELPFUL,17,0.0
1716605123894378647,0.0,CURRENTLY_RATED_NOT_HELPFUL,48,0.0
1716614293779583416,0.0,CURRENTLY_RATED_NOT_HELPFUL,42,0.0
1716727692152783321,0.0,CURRENTLY_RATED_NOT_HELPFUL,48,0.0
1717042522214580585,0.0,CURRENTLY_RATED_NOT_HELPFUL,16,0.0
1717878101307478087,0.0,CURRENTLY_RATED_NOT_HELPFUL,28,0.0
1718162176802762933,0.0,CURRENTLY_RATED_NOT_HELPFUL,38,0.0
1718300439785988327,0.0,NEEDS_MORE_RATINGS,2,0.0
1719102590519038372,0.0,CURRENTLY_RATED_NOT_HELPFUL,42,0.0
1719305149909233773,0.0,NEEDS_MORE_RATINGS,1,0.0
1723136736996499599,0.0,CURRENTLY_RATED_NOT_HELPFUL,27,0.0
1724280422614651036,0.0,CURRENTLY_RATED_NOT_HELPFUL,97,0.0
1724539637345956160,0.0,CURRENTLY_RATED_NOT_HELPFUL,32,0.0
1724847685163716740,0.0,CURRENTLY_RATED_NOT_HELPFUL,45,0.0
1725218364631683574,0.0,CURRENTLY_RATED_NOT_HELPFUL,340,0.0
1725297543708332241,0.0,CURRENTLY_RATED_NOT_HELPFUL,3,0.0
1725926046669713547,0.0,CURRENTLY_RATED_NOT_HELPFUL,179,0.0
1726160266843336849,0.0,NEEDS_MORE_RATINGS,1,0.0
1727234914628649388,0.0,CURRENTLY_RATED_NOT_HELPFUL,7,0.0
1727358044659396944,0.0,CURRENTLY_RATED_NOT_HELPFUL,12,0.0
1727578768590447093,0.0,CURRENTLY_RATED_NOT_HELPFUL,75,0.0
1728489836338639346,0.0,CURRENTLY_RATED_NOT_HELPFUL,4,0.0
1728543316361269426,0.0,CURRENTLY_RATED_NOT_HELPFUL,13,0.0
1729280437422321696,0.0,CURRENTLY_RATED_NOT_HELPFUL,11,0.0
1729589748090487287,0.0,CURRENTLY_RATED_NOT_HELPFUL,126,0.0
1729881796333158485,0.0,CURRENTLY_RATED_NOT_HELPFUL,4,0.0
1730658618834645125,0.0,CURRENTLY_RATED_NOT_HELPFUL,47,0.0
1730846749047030217,0.0,CURRENTLY_RATED_NOT_HELPFUL,73,0.0
1731012147189015030,0.0,CURRENTLY_RATED_NOT_HELPFUL,57,0.0
1731690991420084640,0.0,CURRENTLY_RATED_NOT_HELPFUL,33,0.0
1731785466620391930,0.0,CURRENTLY_RATED_NOT_HELPFUL,40,0.0
1732858941023907849,0.0,CURRENTLY_RATED_NOT_HELPFUL,8,0.0
1733480269020053676,0.0,CURRENTLY_RATED_NOT_HELPFUL,3,0.0
1733595720962171384,0.0,CURRENTLY_RATED_NOT_HELPFUL,42,0.0
1734092738826481841,0.0,CURRENTLY_RATED_NOT_HELPFUL,87,0.0
1734145301236060512,0.0,CURRENTLY_RATED_NOT_HELPFUL,23,0.0
1734251826050986190,0.0,NEEDS_MORE_RATINGS,1,0.0
1734524830433611859,0.0,CURRENTLY_RATED_NOT_HELPFUL,11,0.0
1734815131891126639,0.0,NEEDS_MORE_RATINGS,1,0.0
1735028273065717954,0.0,CURRENTLY_RATED_NOT_HELPFUL,107,0.0
1736683757321478398,0.0,NEEDS_MORE_RATINGS,2,0.0
1737847887000936911,0.0,CURRENTLY_RATED_NOT_HELPFUL,48,0.0
1738751163514675509,0.0,CURRENTLY_RATED_NOT_HELPFUL,57,0.0
1738759740971274282,0.0,CURRENTLY_RATED_NOT_HELPFUL,3,0.0
1739222185712243129,0.0,CURRENTLY_RATED_NOT_HELPFUL,6,0.0
1739481085225082962,0.0,CURRENTLY_RATED_NOT_HELPFUL,77,0.0
1739755558603763892,0.0,CURRENTLY_RATED_NOT_HELPFUL,12,0.0
1740114865455259900,0.0,CURRENTLY_RATED_NOT_HELPFUL,37,0.0
1740256163122602363,0.0,CURRENTLY_RATED_NOT_HELPFUL,13,0.0
1740434333633020235,0.0,CURRENTLY_RATED_NOT_HELPFUL,7,0.0
1740852973264155078,0.0,CURRENTLY_RATED_NOT_HELPFUL,53,0.0
1741110586782486670,0.0,CURRENTLY_RATED_NOT_HELPFUL,15,0.0
1741278601549349269,0.0,NEEDS_MORE_RATINGS,1,0.0
1741578333408608419,0.0,CURRENTLY_RATED_NOT_HELPFUL,5,0.0
1742344551740964922,0.0,CURRENTLY_RATED_NOT_HELPFUL,54,0.0
1742896092121821378,0.0,CURRENTLY_RATED_NOT_HELPFUL,6,0.0
1742918668009570321,0.0,NEEDS_MORE_RATINGS,2,0.0
1743821237401591938,0.0,CURRENTLY_RATED_NOT_HELPFUL,71,0.0
1743940310789464208,0.0,CURRENTLY_RATED_NOT_HELPFUL,4,0.0
1744520370898837848,0.0,NEEDS_MORE_RATINGS,1,0.0
1744574072216842518,0.0,CURRENTLY_RATED_NOT_HELPFUL,80,0.0
1744715565917405360,0.0,CURRENTLY_RATED_NOT_HELPFUL,4,0.0
1744840003186823534,0.0,CURRENTLY_RATED_NOT_HELPFUL,17,0.0
1745201530918080594,0.0,CURRENTLY_RATED_NOT_HELPFUL,3,0.0
1745359890414276656,0.0,CURRENTLY_RATED_NOT_HELPFUL,6,0.0
1746956781106987374,0.0,CURRENTLY_RATED_NOT_HELPFUL,23,0.0
1747055642051809753,0.0,CURRENTLY_RATED_NOT_HELPFUL,102,0.0
1747801470689329521,0.0,CURRENTLY_RATED_NOT_HELPFUL,125,0.0
1747883244652286206,0.0,CURRENTLY_RATED_NOT_HELPFUL,89,0.0
1748049246140465564,0.0,NEEDS_MORE_RATINGS,2,0.0
1748296143761748466,0.0,CURRENTLY_RATED_NOT_HELPFUL,4,0.0
1748440175422714360,0.0,CURRENTLY_RATED_NOT_HELPFUL,12,0.0
1748608118831907117,0.0,CURRENTLY_RATED_NOT_HELPFUL,51,0.0
1748653076989583509,0.0,CURRENTLY_RATED_NOT_HELPFUL,251,0.0
1748814735556915231,0.0,CURRENTLY_RATED_NOT_HELPFUL,67,0.0
1749467958248665126,0.0,CURRENTLY_RATED_NOT_HELPFUL,20,0.0
1749738655348908154,0.0,CURRENTLY_RATED_NOT_HELPFUL,4,0.0
1749918525689385346,0.0,CURRENTLY_RATED_NOT_HELPFUL,12,0.0
1750290693765956019,0.0,CURRENTLY_RATED_NOT_HELPFUL,8,0.0
1750789520172142928,0.0,CURRENTLY_RATED_NOT_HELPFUL,8,0.0
1750889974768009494,0.0,CURRENTLY_RATED_NOT_HELPFUL,67,0.0
1750988264540877175,0.0,NEEDS_MORE_RATINGS,1,0.0
1752240182735348058,0.0,CURRENTLY_RATED_NOT_HELPFUL,10,0.0
1753073137900790269,0.0,CURRENTLY_RATED_NOT_HELPFUL,36,0.0
1753114767894380727,0.0,CURRENTLY_RATED_NOT_HELPFUL,38,0.0
1753528070978334940,0.0,CURRENTLY_RATED_NOT_HELPFUL,154,0.0
1753927418849493165,0.0,NEEDS_MORE_RATINGS,2,0.0
1754247752848965883,0.0,CURRENTLY_RATED_NOT_HELPFUL,23,0.0
1754796087314129310,0.0,CURRENTLY_RATED_NOT_HELPFUL,13,0.0
1754921981596574037,0.0,CURRENTLY_RATED_NOT_HELPFUL,68,0.0
1755357425530487111,0.0,CURRENTLY_RATED_NOT_HELPFUL,64,0.0
1755361389143544080,0.0,CURRENTLY_RATED_NOT_HELPFUL,15,0.0
1755618224580788558,0.0,NEEDS_MORE_RATINGS,1,0.0
1755941337424142690,0.0,CURRENTLY_RATED_NOT_HELPFUL,25,0.0
1755983438526493091,0.0,CURRENTLY_RATED_NOT_HELPFUL,107,0.0
1756073082660233628,0.0,CURRENTLY_RATED_NOT_HELPFUL,60,0.0
1756778332727787587,0.0,CURRENTLY_RATED_NOT_HELPFUL,11,0.0
1757139920513053096,0.0,NEEDS_MORE_RATINGS,2,0.0
1757157396445593988,0.0,CURRENTLY_RATED_NOT_HELPFUL,252,0.0
1758464920260157583,0.0,NEEDS_MORE_RATINGS,2,0.0
1758606231080432049,0.0,CURRENTLY_RATED_NOT_HELPFUL,45,0.0
1758803088033403173,0.0,CURRENTLY_RATED_NOT_HELPFUL,9,0.0
1759428009684005253,0.0,CURRENTLY_RATED_NOT_HELPFUL,5,0.0
1760498562301907330,0.0,CURRENTLY_RATED_NOT_HELPFUL,94,0.0
1760560068792053913,0.0,CURRENTLY_RATED_NOT_HELPFUL,37,0.0
1761167023164301474,0.0,CURRENTLY_RATED_NOT_HELPFUL,45,0.0
1761583238076850575,0.0,CURRENTLY_RATED_NOT_HELPFUL,3,0.0
1761859211401556016,0.0,CURRENTLY_RATED_NOT_HELPFUL,96,0.0
1762129213383975336,0.0,CURRENTLY_RATED_NOT_HELPFUL,9,0.0
1762460074369315069,0.0,CURRENTLY_RATED_NOT_HELPFUL,216,0.0
1763643574271230413,0.0,CURRENTLY_RATED_NOT_HELPFUL,3,0.0
1763867091760009414,0.0,CURRENTLY_RATED_NOT_HELPFUL,6,0.0
1763975291414970631,0.0,NEEDS_MORE_RATINGS,1,0.0
1764306671155692025,0.0,CURRENTLY_RATED_NOT_HELPFUL,19,0.0
1764390000018292932,0.0,CURRENTLY_RATED_NOT_HELPFUL,15,0.0
1764408015879295077,0.0,CURRENTLY_RATED_NOT_HELPFUL,4,0.0
1764701858914869605,0.0,CURRENTLY_RATED_NOT_HELPFUL,3,0.0
1765415509615329538,0.0,CURRENTLY_RATED_NOT_HELPFUL,31,0.0
1765986888630808912,0.0,CURRENTLY_RATED_NOT_HELPFUL,7,0.0
1766359930716426502,0.0,NEEDS_MORE_RATINGS,2,0.0
1766586445429457172,0.0,CURRENTLY_RATED_NOT_HELPFUL,15,0.0
1766996184391110776,0.0,CURRENTLY_RATED_NOT_HELPFUL,13,0.0
1767063316508364975,0.0,CURRENTLY_RATED_NOT_HELPFUL,7,0.0
1767119718081503703,0.0,NEEDS_MORE_RATINGS,1,0.0
1767699448514122167,0.0,CURRENTLY_RATED_NOT_HELPFUL,405,0.0
1769040472784224652,0.0,NEEDS_MORE_RATINGS,1,0.0
1769060390804111707,0.0,CURRENTLY_RATED_NOT_HELPFUL,19,0.0
1769139351542194306,0.0,NEEDS_MORE_RATINGS,2,0.0
1769142055068893204,0.0,CURRENTLY_RATED_NOT_HELPFUL,4,0.0
1769366199610085796,0.0,CURRENTLY_RATED_NOT_HELPFUL,10,0.0
1769925854732468538,0.0,CURRENTLY_RATED_NOT_HELPFUL,52,0.0
1770087945325641923,0.0,CURRENTLY_RATED_NOT_HELPFUL,6,0.0
1770201343871086827,0.0,CURRENTLY_RATED_NOT_HELPFUL,6,0.0
1770235378743878000,0.0,CURRENTLY_RATED_NOT_HELPFUL,3,0.0
1771342555268960591,0.0,CURRENTLY_RATED_NOT_HELPFUL,12,0.0
1773308891935432777,0.0,CURRENTLY_RATED_NOT_HELPFUL,45,0.0
1773339533225959472,0.0,CURRENTLY_RATED_NOT_HELPFUL,11,0.0
1773668884605800836,0.0,CURRENTLY_RATED_NOT_HELPFUL,5,0.0
1773770335684297212,0.0,CURRENTLY_RATED_NOT_HELPFUL,3,0.0
1773824584678027326,0.0,CURRENTLY_RATED_NOT_HELPFUL,24,0.0
1773987224607961349,0.0,CURRENTLY_RATED_NOT_HELPFUL,3,0.0
1774033679712391176,0.0,CURRENTLY_RATED_NOT_HELPFUL,6,0.0
1774265760661012918,0.0,CURRENTLY_RATED_NOT_HELPFUL,21,0.0
1774437397251465677,0.0,NEEDS_MORE_RATINGS,1,0.0
1774459607919849711,0.0,CURRENTLY_RATED_NOT_HELPFUL,60,0.0
1774887477146165347,0.0,CURRENTLY_RATED_NOT_HELPFUL,6,0.0
1775055982663798944,0.0,CURRENTLY_RATED_NOT_HELPFUL,4,0.0
1775159780945879233,0.0,CURRENTLY_RATED_NOT_HELPFUL,9,0.0
1775279121515556867,0.0,CURRENTLY_RATED_NOT_HELPFUL,61,0.0
1776244002112557284,0.0,CURRENTLY_RATED_NOT_HELPFUL,49,0.0
1776373702730436965,0.0,CURRENTLY_RATED_NOT_HELPFUL,13,0.0
1777050994020340084,0.0,NEEDS_MORE_RATINGS,2,0.0
1777682260516335865,0.0,CURRENTLY_RATED_NOT_HELPFUL,92,0.0
1778290694555160675,0.0,CURRENTLY_RATED_NOT_HELPFUL,74,0.0
1778321853599342852,0.0,CURRENTLY_RATED_NOT_HELPFUL,16,0.0
1778502219093901475,0.0,CURRENTLY_RATED_NOT_HELPFUL,55,0.0
1778528462913106312,0.0,CURRENTLY_RATED_NOT_HELPFUL,4,0.0
1778959201462624437,0.0,CURRENTLY_RATED_NOT_HELPFUL,6,0.0
1779895018653647101,0.0,NEEDS_MORE_RATINGS,1,0.0
1779981697217384734,0.0,CURRENTLY_RATED_NOT_HELPFUL,26,0.0
1779985535085490337,0.0,CURRENTLY_RATED_NOT_HELPFUL,3,0.0
1780526181827170676,0.0,CURRENTLY_RATED_NOT_HELPFUL,11,0.0
1780697589438181886,0.0,CURRENTLY_RATED_NOT_HELPFUL,17,0.0
1780909110042771679,0.0,NEEDS_MORE_RATINGS,2,0.0
1781041592695923010,0.0,CURRENTLY_RATED_NOT_HELPFUL,47,0.0
1781739446057980415,0.0,CURRENTLY_RATED_NOT_HELPFUL,6,0.0
1782141465206088166,0.0,CURRENTLY_RATED_NOT_HELPFUL,169,0.0
1782298666541449323,0.0,CURRENTLY_RATED_NOT_HELPFUL,20,0.0
1782397384154022323,0.0,CURRENTLY_RATED_NOT_HELPFUL,5,0.0
1782505537298677910,0.0,CURRENTLY_RATED_NOT_HELPFUL,246,0.0
1782765627691737301,0.0,NEEDS_MORE_RATINGS,1,0.0
1782772863642243524,0.0,CURRENTLY_RATED_NOT_HELPFUL,31,0.0
1783038762596884832,0.0,CURRENTLY_RATED_NOT_HELPFUL,7,0.0
1783391891486097730,0.0,CURRENTLY_RATED_NOT_HELPFUL,125,0.0
1783455321962533175,0.0,CURRENTLY_RATED_NOT_HELPFUL,19,0.0
1783780864775647682,0.0,CURRENTLY_RATED_NOT_HELPFUL,15,0.0
1783821154689634729,0.0,CURRENTLY_RATED_NOT_HELPFUL,33,0.0
1783832699070820361,0.0,CURRENTLY_RATED_NOT_HELPFUL,402,0.0
1784344693607673870,0.0,CURRENTLY_RATED_NOT_HELPFUL,25,0.0
1784542130943189486,0.0,NEEDS_MORE_RATINGS,1,0.0
1784554912157778040,0.0,CURRENTLY_RATED_NOT_HELPFUL,11,0.0
1784620163213808098,0.0,CURRENTLY_RATED_NOT_HELPFUL,41,0.0
1784719640218022306,0.0,CURRENTLY_RATED_NOT_HELPFUL,22,0.0
1785607858706366814,0.0,CURRENTLY_RATED_NOT_HELPFUL,15,0.0
1785664108789960880,0.0,CURRENTLY_RATED_NOT_HELPFUL,18,0.0
1785830752254636255,0.0,CURRENTLY_RATED_NOT_HELPFUL,90,0.0
1786155516453904699,0.0,CURRENTLY_RATED_NOT_HELPFUL,107,0.0
1786391475535618123,0.0,CURRENTLY_RATED_NOT_HELPFUL,3,0.0
1786669724996350374,0.0,CURRENTLY_RATED_NOT_HELPFUL,3,0.0
1786678387047804957,0.0,CURRENTLY_RATED_NOT_HELPFUL,78,0.0
1786973239677251744,0.0,CURRENTLY_RATED_NOT_HELPFUL,8,0.0
1787142108106588439,0.0,NEEDS_MORE_RATINGS,2,0.0
1787699051913453802,0.0,CURRENTLY_RATED_NOT_HELPFUL,55,0.0
1787867483325530121,0.0,NEEDS_MORE_RATINGS,2,0.0
1787924197349450123,0.0,CURRENTLY_RATED_NOT_HELPFUL,8,0.0
1788013427312505275,0.0,CURRENTLY_RATED_NOT_HELPFUL,10,0.0
1788183743858958507,0.0,CURRENTLY_RATED_NOT_HELPFUL,9,0.0
1788222435298291889,0.0,CURRENTLY_RATED_NOT_HELPFUL,4,0.0
1788482623829872692,0.0,CURRENTLY_RATED_NOT_HELPFUL,43,0.0
1788585709818851358,0.0,CURRENTLY_RATED_NOT_HELPFUL,11,0.0
1789067624820666615,0.0,NEEDS_MORE_RATINGS,2,0.0
1789304500374630448,0.0,CURRENTLY_RATED_NOT_HELPFUL,122,0.0
1790036319571194305,0.0,CURRENTLY_RATED_NOT_HELPFUL,92,0.0
1790088015206830412,0.0,CURRENTLY_RATED_NOT_HELPFUL,12,0.0
1790100944161562715,0.0,CURRENTLY_RATED_NOT_HELPFUL,7,0.0
1791447286511485401,0.0,CURRENTLY_RATED_NOT_HELPFUL,7,0.0
1791665956776775779,0.0,CURRENTLY_RATED_NOT_HELPFUL,13,0.0
1791674488314380371,0.0,NEEDS_MORE_RATINGS,1,0.0
1791688221212258796,0.0,CURRENTLY_RATED_NOT_HELPFUL,9,0.0
1792392956365914236,0.0,CURRENTLY_RATED_NOT_HELPFUL,23,0.0
1792593246297661627,0.0,CURRENTLY_RATED_NOT_HELPFUL,18,0.0
1792737512751874144,0.0,CURRENTLY_RATED_NOT_HELPFUL,37,0.0
1794267064565486060,0.0,CURRENTLY_RATED_NOT_HELPFUL,10,0.0
1795211562459750460,0.0,CURRENTLY_RATED_NOT_HELPFUL,8,0.0
1795395479129457141,0.0,CURRENTLY_RATED_NOT_HELPFUL,14,0.0
1795543275467645342,0.0,CURRENTLY_RATED_NOT_HELPFUL,171,0.0
1795791320058843418,0.0,CURRENTLY_RATED_NOT_HELPFUL,106,0.0
1795915450494128279,0.0,CURRENTLY_RATED_NOT_HELPFUL,14,0.0
1795965342004457927,0.0,CURRENTLY_RATED_NOT_HELPFUL,7,0.0
1796253412738142210,0.0,CURRENTLY_RATED_NOT_HELPFUL,25,0.0
1796826973601181987,0.0,CURRENTLY_RATED_NOT_HELPFUL,43,0.0
1796987063008457062,0.0,CURRENTLY_RATED_NOT_HELPFUL,10,0.0
1797182724425261379,0.0,NEEDS_MORE_RATINGS,2,0.0
1797328463050817744,0.0,CURRENTLY_RATED_NOT_HELPFUL,134,0.0
1797723331090579468,0.0,CURRENTLY_RATED_NOT_HELPFUL,7,0.0
1797760795910029509,0.0,CURRENTLY_RATED_NOT_HELPFUL,5,0.0
1797881866755944664,0.0,CURRENTLY_RATED_NOT_HELPFUL,19,0.0
1797942112383828100,0.0,CURRENTLY_RATED_NOT_HELPFUL,23,0.0
1799233011923472473,0.0,CURRENTLY_RATED_NOT_HELPFUL,101,0.0
1799255831776563545,0.0,CURRENTLY_RATED_NOT_HELPFUL,24,0.0
1799409051765203086,0.0,NEEDS_MORE_RATINGS,2,0.0
1799526279093399758,0.0,CURRENTLY_RATED_NOT_HELPFUL,3,0.0
1799802652982759658,0.0,CURRENTLY_RATED_NOT_HELPFUL,9,0.0
1800419420684124435,0.0,CURRENTLY_RATED_NOT_HELPFUL,5,0.0
1800551027009032586,0.0,NEEDS_MORE_RATINGS,2,0.0
1801313641309835434,0.0,CURRENTLY_RATED_NOT_HELPFUL,4,0.0
1801669599743660046,0.0,CURRENTLY_RATED_NOT_HELPFUL,37,0.0
1802110312994202093,0.0,CURRENTLY_RATED_NOT_HELPFUL,27,0.0
1802117452890865896,0.0,CURRENTLY_RATED_NOT_HELPFUL,242,0.0
1802568253686128979,0.0,CURRENTLY_RATED_NOT_HELPFUL,3,0.0
1802739302599647445,0.0,CURRENTLY_RATED_NOT_HELPFUL,14,0.0
1802741414398193986,0.0,NEEDS_MORE_RATINGS,1,0.0
1802783376065114414,0.0,CURRENTLY_RATED_NOT_HELPFUL,11,0.0
1803055831274901582,0.0,CURRENTLY_RATED_NOT_HELPFUL,3,0.0
1803354976816714212,0.0,CURRENTLY_RATED_NOT_HELPFUL,38,0.0
1803491821517001212,0.0,CURRENTLY_RATED_NOT_HELPFUL,6,0.0
1803775420937945456,0.0,CURRENTLY_RATED_NOT_HELPFUL,4,0.0
1804167542438793518,0.0,NEEDS_MORE_RATINGS,1,0.0
1804468251289604311,0.0,CURRENTLY_RATED_NOT_HELPFUL,79,0.0
1804783350046953581,0.0,NEEDS_MORE_RATINGS,1,0.0
1805014838239965573,0.0,CURRENTLY_RATED_NOT_HELPFUL,144,0.0
1805253016976490669,0.0,NEEDS_MORE_RATINGS,1,0.0
1805817706387570926,0.0,CURRENTLY_RATED_NOT_HELPFUL,16,0.0
1805909471237112221,0.0,CURRENTLY_RATED_NOT_HELPFUL,169,0.0
1805979859232923872,0.0,CURRENTLY_RATED_NOT_HELPFUL,159,0.0
1806132942613426384,0.0,CURRENTLY_RATED_NOT_HELPFUL,96,0.0
1806412766678593817,0.0,NEEDS_MORE_RATINGS,1,0.0
1807218013906640966,0.0,NEEDS_MORE_RATINGS,2,0.0
1807647216653279248,0.0,CURRENTLY_RATED_NOT_HELPFUL,28,0.0
1807819871066964279,0.0,CURRENTLY_RATED_NOT_HELPFUL,4,0.0
1808604136901890058,0.0,CURRENTLY_RATED_NOT_HELPFUL,20,0.0
1808781193002762294,0.0,NEEDS_MORE_RATINGS,2,0.0
1808801847286567284,0.0,CURRENTLY_RATED_NOT_HELPFUL,13,0.0
1809218410670174310,0.0,CURRENTLY_RATED_NOT_HELPFUL,12,0.0
1810178696508281212,0.0,CURRENTLY_RATED_NOT_HELPFUL,4,0.0
1810382171716334060,0.0,CURRENTLY_RATED_NOT_HELPFUL,18,0.0
1810689131309109564,0.0,CURRENTLY_RATED_NOT_HELPFUL,7,0.0
1810977153900507549,0.0,CURRENTLY_RATED_NOT_HELPFUL,40,0.0
1810992202631295285,0.0,CURRENTLY_RATED_NOT_HELPFUL,4,0.0
1811064605638119757,0.0,CURRENTLY_RATED_NOT_HELPFUL,27,0.0
1811182969433772517,0.0,CURRENTLY_RATED_NOT_HELPFUL,67,0.0
1811334965692400054,0.0,CURRENTLY_RATED_NOT_HELPFUL,3,0.0
1812317627663929823,0.0,CURRENTLY_RATED_NOT_HELPFUL,11,0.0
1812341732828213555,0.0,NEEDS_MORE_RATINGS,2,0.0
1812611823318782276,0.0,CURRENTLY_RATED_NOT_HELPFUL,41,0.0
1812934650026992124,0.0,CURRENTLY_RATED_NOT_HELPFUL,15,0.0
1813101974575063390,0.0,CURRENTLY_RATED_NOT_HELPFUL,3,0.0
1813135525617750264,0.0,CURRENTLY_RATED_NOT_HELPFUL,67,0.0
1813246580796883162,0.0,CURRENTLY_RATED_NOT_HELPFUL,7,0.0
1813293241829396983,0.0,CURRENTLY_RATED_NOT_HELPFUL,13,0.0
1813947673755734222,0.0,CURRENTLY_RATED_NOT_HELPFUL,5,0.0
1813989336913948941,0.0,NEEDS_MORE_RATINGS,2,0.0
1814140088856793128,0.0,CURRENTLY_RATED_NOT_HELPFUL,3,0.0
1814255574227316833,0.0,CURRENTLY_RATED_NOT_HELPFUL,5,0.0
1814360160325775479,0.0,CURRENTLY_RATED_NOT_HELPFUL,9,0.0
1814397955224305876,0.0,NEEDS_MORE_RATINGS,1,0.0
1814415065451507855,0.0,CURRENTLY_RATED_NOT_HELPFUL,74,0.0
1814723416043253998,0.0,CURRENTLY_RATED_NOT_HELPFUL,9,0.0
1814802728713134186,0.0,CURRENTLY_RATED_NOT_HELPFUL,63,0.0
1814970073108410531,0.0,CURRENTLY_RATED_NOT_HELPFUL,6,0.0
1815673456329216358,0.0,CURRENTLY_RATED_NOT_HELPFUL,186,0.0
1815843904086057294,0.0,CURRENTLY_RATED_NOT_HELPFUL,34,0.0
1816128611205697931,0.0,CURRENTLY_RATED_NOT_HELPFUL,5,0.0
1816163244689518935,0.0,CURRENTLY_RATED_NOT_HELPFUL,203,0.0
1816222146777010543,0.0,NEEDS_MORE_RATINGS,1,0.0
1816510434662588700,0.0,CURRENTLY_RATED_NOT_HELPFUL,56,0.0
1816561484123767299,0.0,CURRENTLY_RATED_NOT_HELPFUL,3,0.0
1816619560700633581,0.0,CURRENTLY_RATED_NOT_HELPFUL,536,0.0
1816766860840362447,0.0,CURRENTLY_RATED_NOT_HELPFUL,53,0.0
1816925759631429902,0.0,CURRENTLY_RATED_NOT_HELPFUL,5,0.0
1816958663946608901,0.0,CURRENTLY_RATED_NOT_HELPFUL,22,0.0
1816980116645535904,0.0,CURRENTLY_RATED_NOT_HELPFUL,15,0.0
1817535944389452028,0.0,CURRENTLY_RATED_NOT_HELPFUL,5,0.0
1818248181320225135,0.0,CURRENTLY_RATED_NOT_HELPFUL,82,0.0
1818277467649642926,0.0,NEEDS_MORE_RATINGS,2,0.0
1818284603615961340,0.0,CURRENTLY_RATED_NOT_HELPFUL,16,0.0
1818795417531797746,0.0,CURRENTLY_RATED_NOT_HELPFUL,25,0.0
1819107596261093602,0.0,CURRENTLY_RATED_NOT_HELPFUL,45,0.0
1819715202620817497,0.0,CURRENTLY_RATED_NOT_HELPFUL,61,0.0
1819740521528516639,0.0,CURRENTLY_RATED_NOT_HELPFUL,209,0.0
1819827874091675661,0.0,CURRENTLY_RATED_NOT_HELPFUL,4,0.0
1820164181280391615,0.0,CURRENTLY_RATED_NOT_HELPFUL,69,0.0
1820548972882067514,0.0,CURRENTLY_RATED_NOT_HELPFUL,69,0.0
1820930735525507294,0.0,CURRENTLY_RATED_NOT_HELPFUL,6,0.0
1821548361629000178,0.0,CURRENTLY_RATED_NOT_HELPFUL,4,0.0
1821583717942305053,0.0,CURRENTLY_RATED_NOT_HELPFUL,13,0.0
1822272281877381369,0.0,CURRENTLY_RATED_NOT_HELPFUL,31,0.0
1823025504452047282,0.0,CURRENTLY_RATED_NOT_HELPFUL,14,0.0
1823222234229403676,0.0,NEEDS_MORE_RATINGS,2,0.0
1823449547588427850,0.0,CURRENTLY_RATED_NOT_HELPFUL,216,0.0
1823666432409817501,0.0,CURRENTLY_RATED_NOT_HELPFUL,13,0.0
1823713682100031878,0.0,CURRENTLY_RATED_NOT_HELPFUL,15,0.0
1823760685815550317,0.0,NEEDS_MORE_RATINGS,1,0.0
1823888093910589495,0.0,CURRENTLY_RATED_NOT_HELPFUL,3,0.0
1823974174802465120,0.0,CURRENTLY_RATED_NOT_HELPFUL,26,0.0
1824205966314766548,0.0,CURRENTLY_RATED_NOT_HELPFUL,72,0.0
1824342380197167115,0.0,CURRENTLY_RATED_NOT_HELPFUL,11,0.0
1824380464867533108,0.0,CURRENTLY_RATED_NOT_HELPFUL,18,0.0
1824637688412004772,0.0,CURRENTLY_RATED_NOT_HELPFUL,16,0.0
1825116512879063497,0.0,CURRENTLY_RATED_NOT_HELPFUL,87,0.0
1825116811915895223,0.0,CURRENTLY_RATED_NOT_HELPFUL,93,0.0
1825213208283828533,0.0,CURRENTLY_RATED_NOT_HELPFUL,47,0.0
1825231752056717388,0.0,CURRENTLY_RATED_NOT_HELPFUL,35,0.0
1825923656251269415,0.0,NEEDS_MORE_RATINGS,2,0.0
1826142953120694352,0.0,NEEDS_MORE_RATINGS,2,0.0
1826326205660102659,0.0,CURRENTLY_RATED_NOT_HELPFUL,56,0.0
1826426265663848557,0.0,CURRENTLY_RATED_NOT_HELPFUL,4,0.0
1827100029091217874,0.0,CURRENTLY_RATED_NOT_HELPFUL,65,0.0
1827125672831066515,0.0,CURRENTLY_RATED_NOT_HELPFUL,5,0.0
1827263033418101190,0.0,CURRENTLY_RATED_NOT_HELPFUL,20,0.0
1827491215329390747,0.0,NEEDS_MORE_RATINGS,1,0.0
1827704066249540031,0.0,CURRENTLY_RATED_NOT_HELPFUL,244,0.0
1827803889631887702,0.0,CURRENTLY_RATED_NOT_HELPFUL,176,0.0
1827941602805035195,0.0,NEEDS_MORE_RATINGS,1,0.0
1827947090452099483,0.0,NEEDS_MORE_RATINGS,1,0.0
1828430968140767505,0.0,CURRENTLY_RATED_NOT_HELPFUL,71,0.0
1828678364577611981,0.0,CURRENTLY_RATED_NOT_HELPFUL,11,0.0
1829063312874860587,0.0,CURRENTLY_RATED_NOT_HELPFUL,32,0.0
1829172997758005671,0.0,CURRENTLY_RATED_NOT_HELPFUL,33,0.0
1829531046683054526,0.0,NEEDS_MORE_RATINGS,1,0.0
1830665750690070829,0.0,CURRENTLY_RATED_NOT_HELPFUL,36,0.0
1830699586677289372,0.0,CURRENTLY_RATED_NOT_HELPFUL,58,0.0
1830844719280046312,0.0,CURRENTLY_RATED_NOT_HELPFUL,22,0.0
1831143057271734783,0.0,CURRENTLY_RATED_NOT_HELPFUL,10,0.0
1831428423811572158,0.0,CURRENTLY_RATED_NOT_HELPFUL,5,0.0
1831664459510640842,0.0,CURRENTLY_RATED_NOT_HELPFUL,64,0.0
1831832238436012399,0.0,CURRENTLY_RATED_NOT_HELPFUL,30,0.0
1832229873999659040,0.0,CURRENTLY_RATED_NOT_HELPFUL,41,0.0
1832759201145512401,0.0,CURRENTLY_RATED_NOT_HELPFUL,143,0.0
1832921955563151860,0.0,CURRENTLY_RATED_NOT_HELPFUL,3,0.0
1833134401024045101,0.0,CURRENTLY_RATED_NOT_HELPFUL,19,0.0
1833462671120753002,0.0,CURRENTLY_RATED_NOT_HELPFUL,37,0.0
1833622573437063398,0.0,NEEDS_MORE_RATINGS,1,0.0
1833683548928156065,0.0,NEEDS_MORE_RATINGS,1,0.0
1833790196837740822,0.0,CURRENTLY_RATED_NOT_HELPFUL,171,0.0
1833828946296680834,0.0,CURRENTLY_RATED_NOT_HELPFUL,3,0.0
1833871338349457733,0.0,CURRENTLY_RATED_NOT_HELPFUL,12,0.0
1834177683778838726,0.0,CURRENTLY_RATED_NOT_HELPFUL,7,0.0
1834209673328697500,0.0,CURRENTLY_RATED_NOT_HELPFUL,6,0.0
1834377229058310487,0.0,CURRENTLY_RATED_NOT_HELPFUL,35,0.0
1834493905758290085,0.0,CURRENTLY_RATED_NOT_HELPFUL,4,0.0
1835501146581962962,0.0,CURRENTLY_RATED_NOT_HELPFUL,11,0.0
1836049055295680935,0.0,CURRENTLY_RATED_NOT_HELPFUL,139,0.0
1836144271587672510,0.0,CURRENTLY_RATED_NOT_HELPFUL,3,0.0
1837271971039506652,0.0,CURRENTLY_RATED_NOT_HELPFUL,57,0.0
1837287737407234077,0.0,CURRENTLY_RATED_NOT_HELPFUL,51,0.0
1837340974114115810,0.0,CURRENTLY_RATED_NOT_HELPFUL,221,0.0
1837642571822387497,0.0,CURRENTLY_RATED_NOT_HELPFUL,36,0.0
1837954587556184469,0.0,CURRENTLY_RATED_NOT_HELPFUL,62,0.0
1838070671844221390,0.0,CURRENTLY_RATED_NOT_HELPFUL,9,0.0
1838188425398112620,0.0,CURRENTLY_RATED_NOT_HELPFUL,48,0.0
1838322050961695069,0.0,CURRENTLY_RATED_NOT_HELPFUL,48,0.0
1838710009502306514,0.0,NEEDS_MORE_RATINGS,1,0.0
1838730415152283815,0.0,CURRENTLY_RATED_NOT_HELPFUL,40,0.0
1838737184410734907,0.0,CURRENTLY_RATED_NOT_HELPFUL,17,0.0
1838905889408839952,0.0,CURRENTLY_RATED_NOT_HELPFUL,154,0.0
1839192306320048606,0.0,CURRENTLY_RATED_NOT_HELPFUL,33,0.0
1839307999623463292,0.0,CURRENTLY_RATED_NOT_HELPFUL,137,0.0
1839415383385850060,0.0,CURRENTLY_RATED_NOT_HELPFUL,3,0.0
1839535209378893996,0.0,CURRENTLY_RATED_NOT_HELPFUL,6,0.0
1840336918661173499,0.0,CURRENTLY_RATED_NOT_HELPFUL,5,0.0
1840356516605411614,0.0,CURRENTLY_RATED_NOT_HELPFUL,90,0.0
1840416527570325764,0.0,CURRENTLY_RATED_NOT_HELPFUL,23,0.0
1840477868570427473,0.0,CURRENTLY_RATED_NOT_HELPFUL,57,0.0
1841206818221277297,0.0,CURRENTLY_RATED_NOT_HELPFUL,8,0.0
1841356005893984603,0.0,CURRENTLY_RATED_NOT_HELPFUL,3,0.0
1841471502794776946,0.0,CURRENTLY_RATED_NOT_HELPFUL,99,0.0
1841507952525730025,0.0,CURRENTLY_RATED_NOT_HELPFUL,82,0.0
1841550520789696975,0.0,CURRENTLY_RATED_NOT_HELPFUL,5,0.0
1841641932331667929,0.0,CURRENTLY_RATED_NOT_HELPFUL,13,0.0
1841967259860009135,0.0,CURRENTLY_RATED_NOT_HELPFUL,29,0.0
1842018296104620503,0.0,CURRENTLY_RATED_NOT_HELPFUL,8,0.0
1842380151801163929,0.0,CURRENTLY_RATED_NOT_HELPFUL,27,0.0
1842439607742509339,0.0,CURRENTLY_RATED_NOT_HELPFUL,111,0.0
1842557772350595332,0.0,CURRENTLY_RATED_NOT_HELPFUL,26,0.0
1843005747799732231,0.0,CURRENTLY_RATED_NOT_HELPFUL,71,0.0
1843089235122774354,0.0,CURRENTLY_RATED_NOT_HELPFUL,126,0.0
1843495983453200557,0.0,CURRENTLY_RATED_NOT_HELPFUL,74,0.0
1843620593436144125,0.0,CURRENTLY_RATED_NOT_HELPFUL,144,0.0
1843848522166349957,0.0,CURRENTLY_RATED_NOT_HELPFUL,526,0.0
1844104984054595726,0.0,CURRENTLY_RATED_NOT_HELPFUL,89,0.0
1844320764302066094,0.0,CURRENTLY_RATED_NOT_HELPFUL,7,0.0
1845230770471960744,0.0,CURRENTLY_RATED_NOT_HELPFUL,8,0.0
1845490431628571130,0.0,CURRENTLY_RATED_NOT_HELPFUL,5,0.0
1845896492621472016,0.0,NEEDS_MORE_RATINGS,2,0.0
1846875616269779078,0.0,CURRENTLY_RATED_NOT_HELPFUL,29,0.0
1847254886590902518,0.0,NEEDS_MORE_RATINGS,2,0.0
1848006830321963505,0.0,CURRENTLY_RATED_NOT_HELPFUL,22,0.0
1848046172536992013,0.0,NEEDS_MORE_RATINGS,2,0.0
1848129364908716503,0.0,NEEDS_MORE_RATINGS,2,0.0
1848243617581654059,0.0,CURRENTLY_RATED_NOT_HELPFUL,82,0.0
1848280245381587266,0.0,CURRENTLY_RATED_NOT_HELPFUL,74,0.0
1848348389903413696,0.0,CURRENTLY_RATED_NOT_HELPFUL,18,0.0
1848503381528072202,0.0,CURRENTLY_RATED_NOT_HELPFUL,384,0.0
1848775160532193372,0.0,NEEDS_MORE_RATINGS,2,0.0
1849006911431352497,0.0,CURRENTLY_RATED_NOT_HELPFUL,39,0.0
1849276527197786287,0.0,CURRENTLY_RATED_NOT_HELPFUL,30,0.0
1849812032654102645,0.0,CURRENTLY_RATED_NOT_HELPFUL,9,0.0
1850289596036157614,0.0,CURRENTLY_RATED_NOT_HELPFUL,15,0.0
1850617968566403183,0.0,CURRENTLY_RATED_NOT_HELPFUL,53,0.0
1850636884990697939,0.0,CURRENTLY_RATED_NOT_HELPFUL,5,0.0
1850727873050513696,0.0,CURRENTLY_RATED_NOT_HELPFUL,86,0.0
1850739508108492808,0.0,CURRENTLY_RATED_NOT_HELPFUL,278,0.0
1850841537082515884,0.0,CURRENTLY_RATED_NOT_HELPFUL,90,0.0
1851054044837740551,0.0,CURRENTLY_RATED_NOT_HELPFUL,83,0.0
1851186238197477792,0.0,CURRENTLY_RATED_NOT_HELPFUL,66,0.0
1851253771713556776,0.0,CURRENTLY_RATED_NOT_HELPFUL,35,0.0
1851604355889168402,0.0,CURRENTLY_RATED_NOT_HELPFUL,8,0.0
1851924074538090814,0.0,CURRENTLY_RATED_NOT_HELPFUL,9,0.0
1852073779100356957,0.0,CURRENTLY_RATED_NOT_HELPFUL,82,0.0
1852510012771332232,0.0,NEEDS_MORE_RATINGS,1,0.0
1852621036123984286,0.0,CURRENTLY_RATED_NOT_HELPFUL,7,0.0
1853183396060504100,0.0,CURRENTLY_RATED_NOT_HELPFUL,88,0.0
1853313297606758519,0.0,CURRENTLY_RATED_NOT_HELPFUL,31,0.0
1853737818482176395,0.0,CURRENTLY_RATED_NOT_HELPFUL,42,0.0
1854086754342744481,0.0,CURRENTLY_RATED_NOT_HELPFUL,39,0.0
1854494239926649159,0.0,CURRENTLY_RATED_NOT_HELPFUL,104,0.0
1854999135721488672,0.0,CURRENTLY_RATED_NOT_HELPFUL,97,0.0
1855101195133567210,0.0,CURRENTLY_RATED_NOT_HELPFUL,277,0.0
1855120193069957459,0.0,CURRENTLY_RATED_NOT_HELPFUL,15,0.0
1855265495962013926,0.0,CURRENTLY_RATED_NOT_HELPFUL,4,0.0
1855561379471867932,0.0,CURRENTLY_RATED_NOT_HELPFUL,27,0.0
1855883785050423464,0.0,CURRENTLY_RATED_NOT_HELPFUL,118,0.0
1856215490684739764,0.0,CURRENTLY_RATED_NOT_HELPFUL,32,0.0
1856341688501055559,0.0,CURRENTLY_RATED_NOT_HELPFUL,8,0.0
1856377573879754965,0.0,CURRENTLY_RATED_NOT_HELPFUL,40,0.0
1856461963397869970,0.0,CURRENTLY_RATED_NOT_HELPFUL,12,0.0
1856470529915396523,0.0,CURRENTLY_RATED_NOT_HELPFUL,7,0.0
1856641987555815435,0.0,CURRENTLY_RATED_NOT_HELPFUL,3,0.0
1856663154564186410,0.0,CURRENTLY_RATED_NOT_HELPFUL,31,0.0
1856759987256676745,0.0,CURRENTLY_RATED_NOT_HELPFUL,4,0.0
1856842518966734994,0.0,NEEDS_MORE_RATINGS,1,0.0
1857041763904442621,0.0,CURRENTLY_RATED_NOT_HELPFUL,43,0.0
1857174720321396912,0.0,NEEDS_MORE_RATINGS,1,0.0
1857314986273407358,0.0,NEEDS_MORE_RATINGS,1,0.0
1857832675694031296,0.0,NEEDS_MORE_RATINGS,2,0.0
1858322058838487337,0.0,CURRENTLY_RATED_NOT_HELPFUL,70,0.0
1858379822294298624,0.0,CURRENTLY_RATED_NOT_HELPFUL,162,0.0
1858762892553974138,0.0,CURRENTLY_RATED_NOT_HELPFUL,141,0.0
1859479378524242323,0.0,CURRENTLY_RATED_NOT_HELPFUL,64,0.0
1859622047074353199,0.0,NEEDS_MORE_RATINGS,1,0.0
1859643000944537661,0.0,CURRENTLY_RATED_NOT_HELPFUL,21,0.0
1859683913905603057,0.0,CURRENTLY_RATED_NOT_HELPFUL,25,0.0
1859873864651854129,0.0,CURRENTLY_RATED_NOT_HELPFUL,25,0.0
1860274852415881472,0.0,CURRENTLY_RATED_NOT_HELPFUL,71,0.0
1860788576293675448,0.0,CURRENTLY_RATED_NOT_HELPFUL,42,0.0
1861103091308786121,0.0,NEEDS_MORE_RATINGS,2,0.0
1861136344875180387,0.0,CURRENTLY_RATED_NOT_HELPFUL,215,0.0
1861595009419747587,0.0,NEEDS_MORE_RATINGS,2,0.0
1861804556801257781,0.0,CURRENTLY_RATED_NOT_HELPFUL,106,0.0
1861873613382590884,0.0,CURRENTLY_RATED_NOT_HELPFUL,67,0.0
1862218370570997763,0.0,CURRENTLY_RATED_NOT_HELPFUL,82,0.0
1862545082114601227,0.0,CURRENTLY_RATED_NOT_HELPFUL,13,0.0
1862684791042388295,0.0,CURRENTLY_RATED_NOT_HELPFUL,11,0.0
1863027431692542093,0.0,NEEDS_MORE_RATINGS,2,0.0
1863427190194360579,0.0,CURRENTLY_RATED_NOT_HELPFUL,8,0.0
1863613901394558986,0.0,CURRENTLY_RATED_NOT_HELPFUL,6,0.0
1864819082911961434,0.0,CURRENTLY_RATED_NOT_HELPFUL,6,0.0
1865620938248667468,0.0,CURRENTLY_RATED_NOT_HELPFUL,47,0.0
1866278995253424364,0.0,CURRENTLY_RATED_NOT_HELPFUL,11,0.0
1866314192749470145,0.0,CURRENTLY_RATED_NOT_HELPFUL,266,0.0
1866611120074596821,0.0,CURRENTLY_RATED_NOT_HELPFUL,5,0.0
1867680857781162037,0.0,CURRENTLY_RATED_NOT_HELPFUL,50,0.0
1868519239575126299,0.0,CURRENTLY_RATED_NOT_HELPFUL,7,0.0
1868524913797320805,0.0,CURRENTLY_RATED_NOT_HELPFUL,38,0.0
1868570090540835045,0.0,CURRENTLY_RATED_NOT_HELPFUL,5,0.0
1869042296848834872,0.0,CURRENTLY_RATED_NOT_HELPFUL,12,0.0
1869838174442402069,0.0,CURRENTLY_RATED_NOT_HELPFUL,253,0.0
1870177048070885848,0.0,CURRENTLY_RATED_NOT_HELPFUL,8,0.0
1871149249582272541,0.0,CURRENTLY_RATED_NOT_HELPFUL,28,0.0
1871444256520380660,0.0,CURRENTLY_RATED_NOT_HELPFUL,65,0.0
1871648521365115053,0.0,CURRENTLY_RATED_NOT_HELPFUL,8,0.0
1872082959139807541,0.0,CURRENTLY_RATED_NOT_HELPFUL,68,0.0
1872345196643471732,0.0,CURRENTLY_RATED_NOT_HELPFUL,6,0.0
1872387306188877919,0.0,CURRENTLY_RATED_NOT_HELPFUL,3,0.0
1872789225638379829,0.0,CURRENTLY_RATED_NOT_HELPFUL,78,0.0
1873171635102232632,0.0,CURRENTLY_RATED_NOT_HELPFUL,11,0.0
1873373229177606599,0.0,CURRENTLY_RATED_NOT_HELPFUL,16,0.0
1873381468421886443,0.0,CURRENTLY_RATED_NOT_HELPFUL,27,0.0
1873670605633094062,0.0,CURRENTLY_RATED_NOT_HELPFUL,4,0.0
1873773020055298223,0.0,CURRENTLY_RATED_NOT_HELPFUL,76,0.0
1874061573980819498,0.0,NEEDS_MORE_RATINGS,2,0.0
1874456325599498703,0.0,CURRENTLY_RATED_NOT_HELPFUL,123,0.0
1874461263767441795,0.0,CURRENTLY_RATED_NOT_HELPFUL,8,0.0
1874961892453810629,0.0,CURRENTLY_RATED_NOT_HELPFUL,64,0.0
1875190250911228264,0.0,CURRENTLY_RATED_NOT_HELPFUL,207,0.0
1875200483754717245,0.0,NEEDS_MORE_RATINGS,1,0.0
1875300281237348422,0.0,CURRENTLY_RATED_NOT_HELPFUL,27,0.0
1875315882617917623,0.0,CURRENTLY_RATED_NOT_HELPFUL,21,0.0
1875480273158336724,0.0,CURRENTLY_RATED_NOT_HELPFUL,3,0.0
1875534187060408826,0.0,CURRENTLY_RATED_NOT_HELPFUL,71,0.0
1875643767610556496,0.0,NEEDS_MORE_RATINGS,2,0.0
1875680355589542285,0.0,NEEDS_MORE_RATINGS,2,0.0
1875842403711565917,0.0,CURRENTLY_RATED_NOT_HELPFUL,15,0.0
1875955029011751025,0.0,CURRENTLY_RATED_NOT_HELPFUL,12,0.0
1876188344498987221,0.0,CURRENTLY_RATED_NOT_HELPFUL,4,0.0
1877126231948406791,0.0,CURRENTLY_RATED_NOT_HELPFUL,4,0.0
1877310961092276376,0.0,CURRENTLY_RATED_NOT_HELPFUL,20,0.0
1877378123462750568,0.0,CURRENTLY_RATED_NOT_HELPFUL,9,0.0
1877532789748441125,0.0,CURRENTLY_RATED_NOT_HELPFUL,17,0.0
1877758660925079759,0.0,CURRENTLY_RATED_NOT_HELPFUL,4,0.0
1877792796645400654,0.0,CURRENTLY_RATED_NOT_HELPFUL,22,0.0
1878037886970323316,0.0,CURRENTLY_RATED_NOT_HELPFUL,110,0.0
1878157534093348991,0.0,CURRENTLY_RATED_NOT_HELPFUL,9,0.0
1878661168467972590,0.0,CURRENTLY_RATED_NOT_HELPFUL,43,0.0
1879441938895528273,0.0,NEEDS_MORE_RATINGS,1,0.0
1879558572532478264,0.0,CURRENTLY_RATED_NOT_HELPFUL,108,0.0
1879594899021894107,0.0,CURRENTLY_RATED_NOT_HELPFUL,48,0.0
1879668405193605276,0.0,CURRENTLY_RATED_NOT_HELPFUL,151,0.0
1879674385155654037,0.0,CURRENTLY_RATED_NOT_HELPFUL,345,0.0
1880653232650801174,0.0,CURRENTLY_RATED_NOT_HELPFUL,5,0.0
1880673628225700313,0.0,CURRENTLY_RATED_NOT_HELPFUL,7,0.0
1880745349046038821,0.0,CURRENTLY_RATED_NOT_HELPFUL,66,0.0
1880890768895668568,0.0,CURRENTLY_RATED_NOT_HELPFUL,18,0.0
1881157329590067683,0.0,CURRENTLY_RATED_NOT_HELPFUL,58,0.0
1881296971073495240,0.0,CURRENTLY_RATED_NOT_HELPFUL,239,0.0
1881466033451757845,0.0,CURRENTLY_RATED_NOT_HELPFUL,15,0.0
1881496736792781264,0.0,CURRENTLY_RATED_NOT_HELPFUL,648,0.0
1881603958315340039,0.0,CURRENTLY_RATED_NOT_HELPFUL,8,0.0
1882096955687383196,0.0,CURRENTLY_RATED_NOT_HELPFUL,103,0.0
1882137211161768245,0.0,CURRENTLY_RATED_NOT_HELPFUL,29,0.0
1882529500375740868,0.0,NEEDS_MORE_RATINGS,1,0.0
1882747186762383669,0.0,CURRENTLY_RATED_NOT_HELPFUL,9,0.0
1882788695541207301,0.0,CURRENTLY_RATED_NOT_HELPFUL,39,0.0
1883573110764441804,0.0,CURRENTLY_RATED_NOT_HELPFUL,82,0.0
1883576622005006671,0.0,CURRENTLY_RATED_NOT_HELPFUL,5,0.0
1883965957791793546,0.0,CURRENTLY_RATED_NOT_HELPFUL,18,0.0
1884374489099608457,0.0,NEEDS_MORE_RATINGS,1,0.0
1884466063305552191,0.0,CURRENTLY_RATED_NOT_HELPFUL,63,0.0
1884587408143929607,0.0,CURRENTLY_RATED_NOT_HELPFUL,4,0.0
1884674318644510999,0.0,CURRENTLY_RATED_NOT_HELPFUL,163,0.0
1885072911213428911,0.0,CURRENTLY_RATED_NOT_HELPFUL,3,0.0
1885230109365285229,0.0,CURRENTLY_RATED_NOT_HELPFUL,36,0.0
1885337916596985876,0.0,CURRENTLY_RATED_NOT_HELPFUL,8,0.0
1885603228416446831,0.0,CURRENTLY_RATED_NOT_HELPFUL,18,0.0
1885682963133694063,0.0,NEEDS_MORE_RATINGS,1,0.0
1885690640799068547,0.0,CURRENTLY_RATED_NOT_HELPFUL,103,0.0
1885835341208154292,0.0,CURRENTLY_RATED_NOT_HELPFUL,33,0.0
1886463509384286235,0.0,CURRENTLY_RATED_NOT_HELPFUL,7,0.0
1886473721998704858,0.0,CURRENTLY_RATED_NOT_HELPFUL,9,0.0
1886565074485363009,0.0,CURRENTLY_RATED_NOT_HELPFUL,277,0.0
1886799974215618693,0.0,CURRENTLY_RATED_NOT_HELPFUL,112,0.0
1887041372974150017,0.0,CURRENTLY_RATED_NOT_HELPFUL,16,0.0
1887202925555904722,0.0,CURRENTLY_RATED_NOT_HELPFUL,3,0.0
1887216198221451568,0.0,CURRENTLY_RATED_NOT_HELPFUL,11,0.0
1887730934117769470,0.0,CURRENTLY_RATED_NOT_HELPFUL,15,0.0
1887767898195960231,0.0,NEEDS_MORE_RATINGS,2,0.0
1888278985018151363,0.0,CURRENTLY_RATED_NOT_HELPFUL,27,0.0
1888855915786563844,0.0,NEEDS_MORE_RATINGS,2,0.0
1889090188237815879,0.0,CURRENTLY_RATED_NOT_HELPFUL,43,0.0
1889666375125442653,0.0,CURRENTLY_RATED_NOT_HELPFUL,32,0.0
1889934385958248745,0.0,CURRENTLY_RATED_NOT_HELPFUL,17,0.0
1890101367236084147,0.0,CURRENTLY_RATED_NOT_HELPFUL,44,0.0
1890204232092966997,0.0,CURRENTLY_RATED_NOT_HELPFUL,17,0.0
1890499091635065065,0.0,CURRENTLY_RATED_NOT_HELPFUL,94,0.0
1890922284929687754,0.0,CURRENTLY_RATED_NOT_HELPFUL,17,0.0
1891181312578552156,0.0,CURRENTLY_RATED_NOT_HELPFUL,39,0.0
1891218498778542236,0.0,CURRENTLY_RATED_NOT_HELPFUL,21,0.0
1891505217436586463,0.0,CURRENTLY_RATED_NOT_HELPFUL,15,0.0
1892351010925953058,0.0,NEEDS_MORE_RATINGS,1,0.0
1892399842485555602,0.0,CURRENTLY_RATED_NOT_HELPFUL,72,0.0
1893295822537662566,0.0,CURRENTLY_RATED_NOT_HELPFUL,39,0.0
1893519808467030391,0.0,CURRENTLY_RATED_NOT_HELPFUL,13,0.0
1893534830660305244,0.0,CURRENTLY_RATED_NOT_HELPFUL,14,0.0
1893684051107557817,0.0,CURRENTLY_RATED_NOT_HELPFUL,60,0.0
1893715350719807750,0.0,CURRENTLY_RATED_NOT_HELPFUL,19,0.0
1894361595288932620,0.0,CURRENTLY_RATED_NOT_HELPFUL,108,0.0
1894840048916259252,0.0,CURRENTLY_RATED_NOT_HELPFUL,24,0.0
1895840234019176898,0.0,CURRENTLY_RATED_NOT_HELPFUL,38,0.0
1896140375552594419,0.0,CURRENTLY_RATED_NOT_HELPFUL,149,0.0
1897439256215519406,0.0,CURRENTLY_RATED_NOT_HELPFUL,105,0.0
1897455571168886980,0.0,CURRENTLY_RATED_NOT_HELPFUL,264,0.0
1897596127316177388,0.0,NEEDS_MORE_RATINGS,2,0.0
1897670740322758888,0.0,CURRENTLY_RATED_NOT_HELPFUL,10,0.0
1897687815632069027,0.0,CURRENTLY_RATED_NOT_HELPFUL,6,0.0
1897964775252148628,0.0,CURRENTLY_RATED_NOT_HELPFUL,3,0.0
1898695491413840100,0.0,CURRENTLY_RATED_NOT_HELPFUL,5,0.0
1899217027958731021,0.0,CURRENTLY_RATED_NOT_HELPFUL,5,0.0
1899507934239027214,0.0,NEEDS_MORE_RATINGS,1,0.0
1900268557331829107,0.0,CURRENTLY_RATED_NOT_HELPFUL,27,0.0
1900387430391292335,0.0,CURRENTLY_RATED_NOT_HELPFUL,67,0.0
1900614366099083660,0.0,CURRENTLY_RATED_NOT_HELPFUL,235,0.0
1900716660731904502,0.0,NEEDS_MORE_RATINGS,2,0.0
1901108493547077872,0.0,CURRENTLY_RATED_NOT_HELPFUL,145,0.0
1901225159484142005,0.0,CURRENTLY_RATED_NOT_HELPFUL,3,0.0
1901319837244109067,0.0,CURRENTLY_RATED_NOT_HELPFUL,33,0.0
1902873619031790021,0.0,CURRENTLY_RATED_NOT_HELPFUL,306,0.0
1903179898006462516,0.0,CURRENTLY_RATED_NOT_HELPFUL,7,0.0
1903596635810111730,0.0,NEEDS_MORE_RATINGS,2,0.0
1903619067132715174,0.0,NEEDS_MORE_RATINGS,1,0.0
1904273657985180134,0.0,CURRENTLY_RATED_NOT_HELPFUL,3,0.0
1904567787059646740,0.0,CURRENTLY_RATED_NOT_HELPFUL,10,0.0
1904645707652276552,0.0,CURRENTLY_RATED_NOT_HELPFUL,3,0.0
1906547217416020217,0.0,CURRENTLY_RATED_NOT_HELPFUL,29,0.0
1906670890013667673,0.0,CURRENTLY_RATED_NOT_HELPFUL,17,0.0
1907813133466406996,0.0,CURRENTLY_RATED_NOT_HELPFUL,72,0.0
1908467034565845200,0.0,NEEDS_MORE_RATINGS,1,0.0
1908623055137759455,0.0,CURRENTLY_RATED_NOT_HELPFUL,11,0.0
1908681844733993464,0.0,CURRENTLY_RATED_NOT_HELPFUL,3,0.0
1908961479954501843,0.0,NEEDS_MORE_RATINGS,1,0.0
1908983799033274771,0.0,CURRENTLY_RATED_NOT_HELPFUL,43,0.0
1910056266476515408,0.0,NEEDS_MORE_RATINGS,1,0.0
1911107165173256622,0.0,CURRENTLY_RATED_NOT_HELPFUL,55,0.0
1912142931513032727,0.0,NEEDS_MORE_RATINGS,1,0.0
1912860830925758671,0.0,CURRENTLY_RATED_NOT_HELPFUL,129,0.0
1913216653321523522,0.0,CURRENTLY_RATED_NOT_HELPFUL,100,0.0
1913377937786655017,0.0,NEEDS_MORE_RATINGS,1,0.0
1913975541763379409,0.0,CURRENTLY_RATED_NOT_HELPFUL,24,0.0
1914881461712289919,0.0,CURRENTLY_RATED_NOT_HELPFUL,24,0.0
1915558487754760515,0.0,CURRENTLY_RATED_NOT_HELPFUL,36,0.0
1916162551806615641,0.0,CURRENTLY_RATED_NOT_HELPFUL,3,0.0
1916204256929190068,0.0,CURRENTLY_RATED_NOT_HELPFUL,137,0.0
1916492400085651742,0.0,CURRENTLY_RATED_NOT_HELPFUL,106,0.0
1916984642080498015,0.0,CURRENTLY_RATED_NOT_HELPFUL,121,0.0
1917444535296352543,0.0,CURRENTLY_RATED_NOT_HELPFUL,4,0.0
1917567617940025386,0.0,CURRENTLY_RATED_NOT_HELPFUL,37,0.0
1918038606305767802,0.0,CURRENTLY_RATED_NOT_HELPFUL,8,0.0
1919372458047541707,0.0,NEEDS_MORE_RATINGS,1,0.0
1919514495770148890,0.0,CURRENTLY_RATED_NOT_HELPFUL,4,0.0
1919546550671290470,0.0,CURRENTLY_RATED_NOT_HELPFUL,60,0.0
1919978440008061222,0.0,CURRENTLY_RATED_NOT_HELPFUL,38,0.0
1921849909038465414,0.0,CURRENTLY_RATED_NOT_HELPFUL,48,0.0
1922752795394048233,0.0,CURRENTLY_RATED_NOT_HELPFUL,42,0.0
1923458575654875260,0.0,CURRENTLY_RATED_NOT_HELPFUL,229,0.0
1924362620762521927,0.0,NEEDS_MORE_RATINGS,1,0.0
1924862623847186783,0.0,CURRENTLY_RATED_NOT_HELPFUL,126,0.0
1925792110206185749,0.0,CURRENTLY_RATED_NOT_HELPFUL,9,0.0
1926133308171137276,0.0,NEEDS_MORE_RATINGS,2,0.0
1927522344676851844,0.0,CURRENTLY_RATED_NOT_HELPFUL,38,0.0
1927768826160062498,0.0,CURRENTLY_RATED_NOT_HELPFUL,77,0.0
1929369618604503227,0.0,CURRENTLY_RATED_NOT_HELPFUL,94,0.0
1929469661726306465,0.0,CURRENTLY_RATED_NOT_HELPFUL,25,0.0
1930450953552965988,0.0,CURRENTLY_RATED_NOT_HELPFUL,27,0.0
1931967130133512624,0.0,CURRENTLY_RATED_NOT_HELPFUL,38,0.0
1932165716452540777,0.0,CURRENTLY_RATED_NOT_HELPFUL,16,0.0
1932463058628313100,0.0,CURRENTLY_RATED_NOT_HELPFUL,35,0.0
1932525182612107578,0.0,CURRENTLY_RATED_NOT_HELPFUL,188,0.0
1932673707152912789,0.0,CURRENTLY_RATED_NOT_HELPFUL,22,0.0
1932691070380368366,0.0,CURRENTLY_RATED_NOT_HELPFUL,14,0.0
1933504170918641947,0.0,CURRENTLY_RATED_NOT_HELPFUL,14,0.0
1933967629108027531,0.0,CURRENTLY_RATED_NOT_HELPFUL,6,0.0
1934222351744606574,0.0,CURRENTLY_RATED_NOT_HELPFUL,11,0.0
1935747182675570689,0.0,CURRENTLY_RATED_NOT_HELPFUL,58,0.0
1936139104372338956,0.0,CURRENTLY_RATED_NOT_HELPFUL,38,0.0
1937096515643691172,0.0,NEEDS_MORE_RATINGS,1,0.0
1937114548315529587,0.0,CURRENTLY_RATED_NOT_HELPFUL,7,0.0
1937239593289674880,0.0,CURRENTLY_RATED_NOT_HELPFUL,7,0.0
1937287432942309717,0.0,CURRENTLY_RATED_NOT_HELPFUL,21,0.0
1937365420954267924,0.0,CURRENTLY_RATED_NOT_HELPFUL,9,0.0
1938325666094846164,0.0,CURRENTLY_RATED_NOT_HELPFUL,289,0.0
1938332809329828155,0.0,CURRENTLY_RATED_NOT_HELPFUL,170,0.0
1938765117652345167,0.0,CURRENTLY_RATED_NOT_HELPFUL,14,0.0
1939557004273435130,0.0,CURRENTLY_RATED_NOT_HELPFUL,71,0.0
1939754666365235606,0.0,NEEDS_MORE_RATINGS,1,0.0
1940617713619292495,0.0,NEEDS_MORE_RATINGS,1,0.0
1941151053883359550,0.0,CURRENTLY_RATED_NOT_HELPFUL,4,0.0
1941569571590164825,0.0,CURRENTLY_RATED_NOT_HELPFUL,7,0.0
1944003964896190496,0.0,CURRENTLY_RATED_NOT_HELPFUL,10,0.0
1944226076571398603,0.0,CURRENTLY_RATED_NOT_HELPFUL,120,0.0
1944495547584332162,0.0,NEEDS_MORE_RATINGS,1,0.0
1944823347163938848,0.0,CURRENTLY_RATED_NOT_HELPFUL,13,0.0
1945001619830997476,0.0,CURRENTLY_RATED_NOT_HELPFUL,38,0.0
1945079678018183363,0.0,CURRENTLY_RATED_NOT_HELPFUL,3,0.0
1945382297827467391,0.0,CURRENTLY_RATED_NOT_HELPFUL,10,0.0
1946080845594546472,0.0,CURRENTLY_RATED_NOT_HELPFUL,9,0.0
1946132501023412648,0.0,NEEDS_MORE_RATINGS,1,0.0
1946207836436074601,0.0,CURRENTLY_RATED_NOT_HELPFUL,3,0.0
1946233808824434696,0.0,CURRENTLY_RATED_NOT_HELPFUL,75,0.0
1947227703716856056,0.0,CURRENTLY_RATED_NOT_HELPFUL,19,0.0
1949123140853846140,0.0,CURRENTLY_RATED_NOT_HELPFUL,211,0.0
1950173691825828338,0.0,CURRENTLY_RATED_NOT_HELPFUL,25,0.0
1951808894227111945,0.0,CURRENTLY_RATED_NOT_HELPFUL,83,0.0
1953893892732203267,0.0,CURRENTLY_RATED_NOT_HELPFUL,4,0.0
1955982528252125695,0.0,CURRENTLY_RATED_NOT_HELPFUL,50,0.0
1956141776277807293,0.0,CURRENTLY_RATED_NOT_HELPFUL,18,0.0
1956412118548312283,0.0,CURRENTLY_RATED_NOT_HELPFUL,41,0.0
1956589117879296233,0.0,NEEDS_MORE_RATINGS,1,0.0
1956613250394501350,0.0,CURRENTLY_RATED_NOT_HELPFUL,6,0.0
1957650506303631656,0.0,CURRENTLY_RATED_NOT_HELPFUL,71,0.0
1958013134720913829,0.0,CURRENTLY_RATED_NOT_HELPFUL,20,0.0
1958139047446200696,0.0,CURRENTLY_RATED_NOT_HELPFUL,94,0.0
1958201058435703251,0.0,CURRENTLY_RATED_NOT_HELPFUL,3,0.0
1958223074173546848,0.0,CURRENTLY_RATED_NOT_HELPFUL,3,0.0
1958305308906013065,0.0,CURRENTLY_RATED_NOT_HELPFUL,38,0.0
1958947445683233131,0.0,CURRENTLY_RATED_NOT_HELPFUL,118,0.0
1959127683549520034,0.0,CURRENTLY_RATED_NOT_HELPFUL,5,0.0
1960026674600300713,0.0,NEEDS_MORE_RATINGS,2,0.0
1960092543548576220,0.0,CURRENTLY_RATED_NOT_HELPFUL,28,0.0
1961553851485458796,0.0,CURRENTLY_RATED_NOT_HELPFUL,3,0.0
1962199071382438224,0.0,CURRENTLY_RATED_NOT_HELPFUL,117,0.0
1962249992166359544,0.0,CURRENTLY_RATED_NOT_HELPFUL,45,0.0
1962286921864098275,0.0,CURRENTLY_RATED_NOT_HELPFUL,6,0.0
1962464965849493845,0.0,CURRENTLY_RATED_NOT_HELPFUL,58,0.0
1962830989832417528,0.0,CURRENTLY_RATED_NOT_HELPFUL,7,0.0
1965039109119865198,0.0,CURRENTLY_RATED_NOT_HELPFUL,16,0.0
1965431902263034227,0.0,CURRENTLY_RATED_NOT_HELPFUL,6,0.0
1965597330994061405,0.0,CURRENTLY_RATED_NOT_HELPFUL,6,0.0
1966200110599352370,0.0,CURRENTLY_RATED_NOT_HELPFUL,227,0.0
1966877688427147710,0.0,CURRENTLY_RATED_NOT_HELPFUL,13,0.0
1967101057651323304,0.0,CURRENTLY_RATED_NOT_HELPFUL,3,0.0
1967522970546442288,0.0,CURRENTLY_RATED_NOT_HELPFUL,23,0.0
1967710058055450958,0.0,CURRENTLY_RATED_NOT_HELPFUL,8,0.0
1967939312504176782,0.0,CURRENTLY_RATED_NOT_HELPFUL,36,0.0
1968483073630040080,0.0,CURRENTLY_RATED_NOT_HELPFUL,357,0.0
1968715941962793424,0.0,CURRENTLY_RATED_NOT_HELPFUL,756,0.0
1969180169685385489,0.0,CURRENTLY_RATED_NOT_HELPFUL,64,0.0
1969361664706302288,0.0,CURRENTLY_RATED_NOT_HELPFUL,13,0.0
1970098459077394438,0.0,CURRENTLY_RATED_NOT_HELPFUL,55,0.0
1970153360553914842,0.0,CURRENTLY_RATED_NOT_HELPFUL,22,0.0
1971057944839016760,0.0,CURRENTLY_RATED_NOT_HELPFUL,379,0.0
1971330126370533696,0.0,CURRENTLY_RATED_NOT_HELPFUL,10,0.0
1971643919193526316,0.0,NEEDS_MORE_RATINGS,1,0.0
1971727039250976958,0.0,NEEDS_MORE_RATINGS,1,0.0
1971754128331157836,0.0,CURRENTLY_RATED_NOT_HELPFUL,9,0.0
1972815642538459233,0.0,CURRENTLY_RATED_NOT_HELPFUL,13,0.0
1973068854763909518,0.0,CURRENTLY_RATED_NOT_HELPFUL,29,0.0
1973198000219627828,0.0,NEEDS_MORE_RATINGS,2,0.0
1973266132711907418,0.0,CURRENTLY_RATED_NOT_HELPFUL,5,0.0
1974036466851295740,0.0,NEEDS_MORE_RATINGS,1,0.0
1975066370598650139,0.0,NEEDS_MORE_RATINGS,1,0.0
1975126814050943270,0.0,NEEDS_MORE_RATINGS,2,0.0
1975172917567643828,0.0,CURRENTLY_RATED_NOT_HELPFUL,192,0.0
1975708734010626386,0.0,CURRENTLY_RATED_NOT_HELPFUL,10,0.0
1976556431999463526,0.0,NEEDS_MORE_RATINGS,1,0.0
1976605237327577094,0.0,CURRENTLY_RATED_NOT_HELPFUL,4,0.0
1977820504846225533,0.0,CURRENTLY_RATED_NOT_HELPFUL,18,0.0
1978399696701022384,0.0,NEEDS_MORE_RATINGS,1,0.0
1978424499998703641,0.0,NEEDS_MORE_RATINGS,1,0.0
1978919862421561420,0.0,NEEDS_MORE_RATINGS,1,0.0
1978922003236294908,0.0,CURRENTLY_RATED_NOT_HELPFUL,45,0.0
1978936060630507779,0.0,CURRENTLY_RATED_NOT_HELPFUL,27,0.0
1979193898082636174,0.0,CURRENTLY_RATED_NOT_HELPFUL,6,0.0
1979318576923242725,0.0,CURRENTLY_RATED_NOT_HELPFUL,315,0.0
1979341844342284567,0.0,CURRENTLY_RATED_NOT_HELPFUL,102,0.0
1979532119237128197,0.0,NEEDS_MORE_RATINGS,2,0.0
1980592471638696359,0.0,CURRENTLY_RATED_NOT_HELPFUL,144,0.0
1981002493250449867,0.0,CURRENTLY_RATED_NOT_HELPFUL,28,0.0
1981719319416324187,0.0,CURRENTLY_RATED_NOT_HELPFUL,31,0.0
